Day,Pb_Sum,Ppv_Sum,Pd_Sum,Ppvmax_Sum,Ps_Sum,Pc_Sum,SOC_Avg,Benefit,npv
1,419.51570629774176,1758.972759863,3161.270003736,1758.972759863,3052.414582806,1935.483870967742,838.8750820917381,-35076.69159876786,274025.26392705855
2,2102.433781071435,1694.283448588,1961.856117868565,1694.283448588,0.0,1808.143356174,968.1022436152979,-35076.69159876786,274025.26392705855
3,2418.473878324742,1971.352009294,1526.758468631,1971.352009294,0.0,2355.5343325097424,1303.9804369551987,-35076.69159876786,274025.26392705855
4,2671.5524409383283,1855.2262969020003,1954.800161849027,1855.2262969020003,0.0,1503.8588949373561,1087.2295818534783,-35076.69159876786,274025.26392705855
5,3921.821654630098,1777.1217630980002,2537.6945331801444,1777.1217630980002,740.1412501991449,2813.096700122099,641.9172844113835,-35076.69159876786,274025.26392705855
6,465.0560837387891,1839.612338314,1047.223658050992,1839.612338314,988.3323580839921,1990.5997106617892,852.644967716191,-35076.69159876786,274025.26392705855
7,0.0,1479.500323235,213.420003687,1479.500323235,99.355979779,1244.644339663,1279.44603800887,-35076.69159876786,274025.26392705855
8,2104.175246248168,1623.5522574709998,2276.048009407475,1623.5522574709998,0.0,685.2655064266434,1287.9607673532876,-35076.69159876786,274025.26392705855
9,4144.400262081293,1587.6818988830003,2245.6869269424496,1587.6818988830003,0.0,2489.3990987057423,1088.1670420222179,-35076.69159876786,274025.26392705855
10,3071.9784395235147,1583.43446353,1937.0999693432266,1583.43446353,0.0,2147.322879218742,705.7339558270247,-35076.69159876786,274025.26392705855
11,3850.5945272168387,2062.909201275,2439.8343583789997,2062.909201275,0.0,3038.7280759738387,990.7711843892608,-35076.69159876786,274025.26392705855
12,3056.1154749682846,2048.5287732350002,2143.07282484,2048.5287732350002,0.0,2041.5370644972845,1030.052123130746,-35076.69159876786,274025.26392705855
13,1287.0526951933225,1933.595266628,1339.309231171,1933.595266628,0.0,1484.6571679093217,375.1703421487593,-35076.69159876786,274025.26392705855
14,204.50040556611637,1742.077053098,171.810000153,1742.077053098,0.0,1138.3874557471165,555.3438696397772,-35076.69159876786,274025.26392705855
15,1435.2340853016644,1798.2310650790002,1960.450347307203,1798.2310650790002,0.0,1225.2754945468678,1074.8510584176158,-35076.69159876786,274025.26392705855
16,2376.8361893837864,1922.456940274,1977.185032779955,1922.456940274,0.0,2191.758156279742,993.1009326463392,-35076.69159876786,274025.26392705855
17,2066.1338742647417,1791.488713804,1966.3397482297994,1791.488713804,205.9964339987992,2179.735892062742,1113.3825171347337,-35076.69159876786,274025.26392705855
18,5743.483935413207,1899.7062252160001,2666.2182822345326,1899.7062252160001,0.0,2955.5684316977413,1214.1370992828809,-35076.69159876786,274025.26392705855
19,6227.157276379,1858.404311549,2403.830377147,1858.404311549,0.0,3314.291953072,859.1372118754058,-35076.69159876786,274025.26392705855
20,3559.8845321000936,1877.5391823920002,2099.874956420765,1877.5391823920002,845.5426671969997,1678.1759923528596,1395.032841636422,-35076.69159876786,274025.26392705855
21,899.4788697730585,1987.0611997049998,1646.3302052254435,1987.0611997049998,1518.0728019034434,1824.9974561860583,551.0713502477512,-35076.69159876786,274025.26392705855
22,2412.4278703696964,1841.8751614120001,2176.3094787829996,1841.8751614120001,0.0,2412.492493939696,1083.8543477150843,-35076.69159876786,274025.26392705855
23,3395.922126775142,2180.0941515490003,2185.7383254949996,2180.0941515490003,122.00999702800004,2422.9446020341425,1234.3829674171145,-35076.69159876786,274025.26392705855
24,3522.104367333401,2110.4551405689995,2160.5203987729997,2110.4551405689995,528.689994209,2394.989911066401,1174.5876081735403,-35076.69159876786,274025.26392705855
25,3759.8748262189083,2060.8503191570003,2393.4227769729996,2060.8503191570003,573.940000281,2653.1679159439086,1171.8983286538075,-35076.69159876786,274025.26392705855
26,5433.132554948143,2014.9562761960003,2545.588189427,2014.9562761960003,102.53999927199999,2821.8470118911428,791.144448052105,-35076.69159876786,274025.26392705855
27,1337.1213141920343,2040.555286902,1846.724427382,2040.555286902,1515.0516481710001,2047.1393718900347,796.9312866488443,-35076.69159876786,274025.26392705855
28,893.1467986071622,2115.57853549,224.758792857,2115.57853549,0.0,2039.6341235971622,1134.4622683092537,-35076.69159876786,274025.26392705855
29,2141.7958076687587,1863.952061549,2281.339462648,1863.952061549,0.0,738.4373269127593,1376.854331500171,-35076.69159876786,274025.26392705855
30,3334.6737435679174,2168.576992392,2489.489561688,2168.576992392,0.0,2759.660305606917,1196.1331254550482,-35076.69159876786,274025.26392705855
31,4290.365415632703,2196.6978708429997,2389.259111993,2196.6978708429997,86.33000211700005,2648.552391079703,1206.860365312113,-35076.69159876786,274025.26392705855
32,4723.471476777742,2088.3189443730002,2828.5199999999995,2088.3189443730002,390.1665356539994,3135.483870967742,851.3251720365121,-35076.69159876786,274025.26392705855
33,2322.9599007711863,2098.336638314,1621.905159398,2098.336638314,196.67000196400002,1797.9216931581866,516.6187779313868,-35076.69159876786,274025.26392705855
34,1675.3271034336267,2028.5550763329998,1677.9417621759999,2028.5550763329998,488.310001028,2178.4139304456266,1156.831858719037,-35076.69159876786,274025.26392705855
35,215.0860959171756,1927.366213667,967.7890615028243,1927.366213667,762.559998533,1743.4413697260002,889.7526638789333,-35076.69159876786,274025.26392705855
36,2362.9236640210215,2161.5381625289997,2593.2338623199994,2161.5381625289997,203.33999642300006,1885.6656908480213,1290.9497245101218,-35076.69159876786,274025.26392705855
37,2806.1766933225576,2221.401754647,2323.0541905229993,2221.401754647,34.249998955000024,2575.1626100465583,916.1924318355059,-35076.69159876786,274025.26392705855
38,2239.083878920742,1951.1459214119998,1998.3180072614819,1951.1459214119998,296.29320546848203,2215.1845773877417,1117.417688086058,-35076.69159876786,274025.26392705855
39,3096.860452614599,2008.535260843,1873.7299188899997,2008.535260843,0.0,2077.075622314599,781.3598912206841,-35076.69159876786,274025.26392705855
40,3179.6979272188764,2113.571463667,2053.907453541865,2113.571463667,0.0,2276.806843522742,1062.5376782642045,-35076.69159876786,274025.26392705855
41,528.3824206943235,2231.9180723920003,109.40000583599999,2231.9180723920003,106.42420580925798,1962.0662918290657,885.0341524905708,-35076.69159876786,274025.26392705855
42,17.460000657,1816.7109867650001,1763.1499984180002,1816.7109867650001,2943.5875830527693,239.97340104423006,1499.2629934090792,-35076.69159876786,274025.26392705855
43,1947.18184302963,2135.897825353,2085.180460225003,2135.897825353,14.118416616003287,2185.2017043986298,926.6011810857038,-35076.69159876786,274025.26392705855
44,3152.145930305452,2121.98068451,1966.4362097782891,2121.98068451,0.0,2179.8428220577416,1096.395545900582,-35076.69159876786,274025.26392705855
45,448.05169863281344,2337.9778754900003,1583.3799736670096,2337.9778754900003,1889.1804603820096,1817.0490781798135,545.5687719957763,-35076.69159876786,274025.26392705855
46,69.210001179,2132.0546792940004,896.169997979,2132.0546792940004,1113.515382756777,1649.3792830422235,620.9782891105137,-35076.69159876786,274025.26392705855
47,0.0,2019.941315353,2130.379995424,2019.941315353,2040.5802626779996,1778.101040862,889.4134294235831,-35076.69159876786,274025.26392705855
48,0.0,2348.691247608,1746.8100018629996,2348.691247608,1820.7873726192583,1935.4838709677417,719.6736460936864,-35076.69159876786,274025.26392705855
49,0.0,2292.920862255,193.39000589699995,2292.920862255,212.4369857082581,1935.4838709677422,916.1136369883772,-35076.69159876786,274025.26392705855
50,286.0804992514337,2375.017081275,2212.631166277,2375.017081275,0.0,598.238740147434,1550.5825959863787,-35076.69159876786,274025.26392705855
51,4019.3223133869974,2397.949277176,2581.4581712409995,2397.949277176,283.509995849,2861.6097674769976,1194.1801472141858,-35076.69159876786,274025.26392705855
52,3365.104742117177,2307.1243005690003,1998.1563864165641,2307.1243005690003,0.0,2215.005416712742,1215.2259847907555,-35076.69159876786,274025.26392705855
53,4109.790272632121,2465.8148056269997,2132.939996487,2465.8148056269997,0.0,2547.345077948121,619.8016391981959,-35076.69159876786,274025.26392705855
54,3110.2289084022327,1999.3653769019998,2140.2879572909997,1999.3653769019998,0.0,2612.3922397572333,828.280900166366,-35076.69159876786,274025.26392705855
55,2243.1854263591676,2430.4182150453,2210.0331262366994,2430.4182150453,0.0,2027.1167783091673,1384.108155291923,-35076.69159876786,274025.26392705855
56,361.01513190957235,2094.120946902,102.227823078,2094.120946902,0.0,1937.1438936575728,893.8904981625051,-35076.69159876786,274025.26392705855
57,0.0,2549.014885216,1417.311855474527,2549.014885216,152.1049321085273,880.291788253,1517.9944615965849,-35076.69159876786,274025.26392705855
58,950.7412976415961,2175.994057608,1492.5250210689996,2175.994057608,0.0,1388.2103685835962,1472.623942098943,-35076.69159876786,274025.26392705855
59,1571.2457049434702,2297.6705146470003,2089.984090279616,2297.6705146470003,189.970000348,1450.1003078930862,1041.3075511285444,-35076.69159876786,274025.26392705855
60,449.1832259128122,2029.611920432,282.4490976789999,2029.611920432,0.0,1086.8042181388123,457.2934265452596,-35076.69159876786,274025.26392705855
61,611.6418792269999,2092.969171981,1119.2344518109999,2092.969171981,449.32000289300004,677.4255028420001,896.5855365270768,-35076.69159876786,274025.26392705855
62,512.970004642,1855.1331601370002,1012.3504136579999,1855.1331601370002,774.520004096,1049.2735729390001,610.9569498399215,-35076.69159876786,274025.26392705855
63,0.0,2062.226101412,170.91378730699995,2062.226101412,0.0,1913.10987997,928.5579849095626,-35076.69159876786,274025.26392705855
64,1504.32323035015,2076.454396491,2938.0549822379994,2076.454396491,1391.564712123,1425.6678753641502,1316.2833198884434,-35076.69159876786,274025.26392705855
65,2982.20361048289,2105.492261686,2223.509139588,2105.492261686,1133.767445052,2434.91756761889,532.4105996892793,-35076.69159876786,274025.26392705855
66,1697.830004932,2441.4885591570005,1798.3645001604025,2441.4885591570005,446.4218424344026,1993.5312051440003,793.2504580774558,-35076.69159876786,274025.26392705855
67,1124.9085818809367,2353.4927102949996,1102.158588245145,2353.4927102949996,0.0,1221.7698572720817,376.46435731020057,-35076.69159876786,274025.26392705855
68,575.509149574,2560.5176691569995,746.9991722846514,2560.5176691569995,652.9516029366514,965.8043805960001,390.8613322571977,-35076.69159876786,274025.26392705855
69,0.0,2677.7040668177415,909.8789702871056,2695.1763107059996,710.6891571471057,1935.483870967742,817.1864163670602,-35076.69159876786,274025.26392705855
70,0.0,2675.142118862,2226.604924369,2675.142118862,1583.3883648110002,1488.5486638599998,1045.9907121486633,-35076.69159876786,274025.26392705855
71,3024.8102182583743,2729.1803498630006,3033.4760035579993,2729.1803498630006,2100.369132372,3297.8574326493745,947.1006798729445,-35076.69159876786,274025.26392705855
72,2721.741008661,2900.713486491,2943.933919939456,2900.713486491,1845.1607526744563,3243.3476544080004,848.2615568644284,-35076.69159876786,274025.26392705855
73,2596.8759459527046,2584.0985261960004,2713.5900509780004,2584.0985261960004,2107.733313727,3008.081200507705,761.9717925027784,-35076.69159876786,274025.26392705855
74,3225.2971599337425,2767.4321230980004,2411.9499915779993,2767.4321230980004,1281.1953927750005,2735.483870967742,782.8297124072595,-35076.69159876786,274025.26392705855
75,2510.3625870377414,2644.2568000000006,1772.1400068269995,2644.2568000000006,770.2355060439997,1935.483870967742,575.0543024907216,-35076.69159876786,274025.26392705855
76,1451.1706885267708,2411.5025590199994,1116.6481367889996,2411.5025590199994,836.8402835889996,2132.921108526771,706.4259100548794,-35076.69159876786,274025.26392705855
77,49.339993725,2523.767456765,2061.88999751,2523.767456765,2392.7635844062584,1935.4838709677417,980.7126315547671,-35076.69159876786,274025.26392705855
78,1987.5034973210009,2300.4667001370003,2589.901330977999,2300.4667001370003,1352.1008827530002,2378.610632763,771.51522727172,-35076.69159876786,274025.26392705855
79,1909.03694899537,2392.924109863,2131.890794785502,2392.924109863,1303.938625163502,2277.89322098437,572.7483866316636,-35076.69159876786,274025.26392705855
80,1668.18291030916,2349.707660274,1817.4159496969999,2349.707660274,240.0363057260002,2014.65020474116,548.1819498234433,-35076.69159876786,274025.26392705855
81,2953.4072404773833,2444.471616196,2577.528531840439,2444.471616196,1524.1837180209998,2857.2536657138226,687.113830386661,-35076.69159876786,274025.26392705855
82,2773.043084322847,2079.028971275,873.185396551,2079.028971275,0.0,967.9474521128478,346.24202599215454,-35076.69159876786,274025.26392705855
83,898.0789898033844,2285.518770843,561.7159867629994,2285.518770843,400.6839298769994,2037.2198113113845,1130.5043343798416,-35076.69159876786,274025.26392705855
84,0.0,2401.8843616860004,2119.2552960310004,2401.8843616860004,1896.4189222639998,1378.3807311259998,911.1891130890921,-35076.69159876786,274025.26392705855
85,51.55000131599999,2541.398970432,1032.3038347149998,2541.398970432,0.0,736.88279938,452.13029785227667,-35076.69159876786,274025.26392705855
86,346.5692161577556,2373.9299914119997,755.3556140049999,2373.9299914119997,0.0,1090.9448212777556,393.57715452249886,-35076.69159876786,274025.26392705855
87,109.29000119399998,2768.831863667,510.57133273000005,2768.831863667,0.0,1020.64319469,661.7385982911595,-35076.69159876786,274025.26392705855
88,373.2657029504478,2627.4239836670004,920.2301528255521,2627.4239836670004,0.0,735.8798347030001,775.1235034262808,-35076.69159876786,274025.26392705855
89,5.66934918299998,2281.0952447840004,721.6976716661711,2281.0952447840004,90.57505811817109,443.54719151000006,354.63050918793715,-35076.69159876786,274025.26392705855
90,0.0,2489.8888969020004,1705.530002578,2489.8888969020004,1970.645013971258,1935.483870967742,642.4191343330652,-35076.69159876786,274025.26392705855
91,0.0,2747.0304784509995,191.42926057399953,2747.0304784509995,713.1558573132577,1935.4838709677417,892.3932364666075,-35076.69159876786,274025.26392705855
92,690.7229112623663,2563.6675323583,2379.585978625,2563.6675323583,1363.7045118372998,1238.7519157953666,1344.1859489778974,-35076.69159876786,274025.26392705855
93,3341.1784100888717,2406.0377623920003,2546.8480203309996,2406.0377623920003,1541.0482241579996,2683.1459684358724,816.0472109967353,-35076.69159876786,274025.26392705855
94,162.28880558199998,2699.677100137,741.462938181,2699.677100137,382.079998912,890.0988370660002,486.67200087235796,-35076.69159876786,274025.26392705855
95,659.5855971039998,2663.872026902,197.94952033799999,2663.872026902,0.0,780.3171349170001,771.6756638503065,-35076.69159876786,274025.26392705855
96,1192.9207336159998,2545.2154616860003,754.076908035,2545.2154616860003,0.0,325.46309159400005,1009.7650773597992,-35076.69159876786,274025.26392705855
97,945.6670730160679,2474.169821823,1225.62999813,2474.169821823,1161.626594107,933.810300632068,672.7916062421533,-35076.69159876786,274025.26392705855
98,660.877646002,2680.9665832350006,39.914234463999996,2680.9665832350006,0.0,1314.108453242,592.4599774131716,-35076.69159876786,274025.26392705855
99,934.7503390296181,2359.570826902,1201.4700025089999,2359.570826902,0.0,597.7411677716182,1351.0750792807291,-35076.69159876786,274025.26392705855
100,2002.61869361,2295.7386082929997,1090.9707149689998,2295.7386082929997,634.279998806,1890.5780063880002,868.7434807779526,-35076.69159876786,274025.26392705855
101,671.1036089832953,2547.12281,1308.574901756,2547.12281,514.3828218440001,780.0084830162955,1328.750172023091,-35076.69159876786,274025.26392705855
102,2118.0559080129287,2625.296522824,2454.761754831,2625.296522824,2013.2103284229995,2277.8738542689284,869.1992592013552,-35076.69159876786,274025.26392705855
103,350.8136181334895,2755.7619330979996,1020.9189938680001,2755.7619330979996,526.38165566,1083.4928861234896,394.23727890023264,-35076.69159876786,274025.26392705855
104,72.57263408799997,2488.2708395680006,903.686810379,2488.2708395680006,772.2199962980001,1391.1202669800002,565.5020616997025,-35076.69159876786,274025.26392705855
105,0.0,2422.3779541757417,611.1010494159142,2617.2266052160003,778.4251355919141,1935.483870967742,1002.0658766339214,-35076.69159876786,274025.26392705855
106,108.55022903799994,2707.3690828239996,725.1894889739999,2707.3690828239996,0.0,630.158791979,1647.9745492460042,-35076.69159876786,274025.26392705855
107,1127.3360230639041,2631.057797471,865.9832496429998,2631.057797471,0.0,500.1070545649042,1536.1353426817504,-35076.69159876786,274025.26392705855
108,1355.4022360542021,2552.6954167649997,859.4671184059999,2552.6954167649997,384.409999255,1308.6147630562025,1220.6588790809387,-35076.69159876786,274025.26392705855
109,1485.6881983407357,2228.256107882,2914.91675471,2228.256107882,2056.8708825979998,1807.200167065736,1053.996024338402,-35076.69159876786,274025.26392705855
110,876.3438334800403,2616.880413098,570.8711345549996,2616.880413098,0.0,704.0553826970402,286.24030487401484,-35076.69159876786,274025.26392705855
111,194.60171621199999,2378.7338490199995,433.05001896160957,2378.7338490199995,282.6339041256096,911.0916736030001,407.9268965530354,-35076.69159876786,274025.26392705855
112,0.0,2576.151692392,179.71077515,2576.151692392,0.0,1540.2324535920002,1129.793336268055,-35076.69159876786,274025.26392705855
113,77.76689632899999,2548.661206196,1482.2741180575217,2548.661206196,747.236766434522,611.4154385340003,1583.5051314150223,-35076.69159876786,274025.26392705855
114,1439.1811082917422,2810.455710137,1623.2824454069992,2810.455710137,1050.9053875089996,1935.483870967742,952.8226611756686,-35076.69159876786,274025.26392705855
115,2043.854041055742,2653.565939863,1617.3464526369999,2653.565939863,913.692545853,1935.483870967742,947.6586683643214,-35076.69159876786,274025.26392705855
116,2146.8837851257417,2451.326270432,2660.333548911999,2451.326270432,1200.8697276889993,1935.483870967742,819.3544641799944,-35076.69159876786,274025.26392705855
117,2121.5881135357417,2737.5530340779997,1752.1600003739995,2737.5530340779997,1031.6072708029997,1935.483870967742,665.0806101977474,-35076.69159876786,274025.26392705855
118,988.4993292237417,2518.6563391570003,969.3200022219995,2518.6563391570003,888.4017914009995,1935.4838709677417,713.1226179283084,-35076.69159876786,274025.26392705855
119,0.0,2538.4081260590006,1701.289999096,2538.4081260590006,2013.5642484312584,1935.4838709677415,990.4601606322294,-35076.69159876786,274025.26392705855
120,1588.1828277367417,2629.3070732349997,2643.249998854,2629.3070732349997,2518.4660183649994,1935.483870967742,831.8770985464008,-35076.69159876786,274025.26392705855
121,71.849994084,2251.148664718742,835.0300003130001,2753.128659705,923.894785937,1935.4838709677422,752.3120517710573,-35076.69159876786,274025.26392705855
122,2876.198814967742,2701.687468746,2092.058884854999,2701.687468746,1265.511289276,1935.483870967742,909.8819777669083,-35076.69159876786,274025.26392705855
123,2679.1132994807417,2490.649261275,2240.2611159839994,2490.649261275,1228.9697977079995,1935.483870967742,753.5636177433552,-35076.69159876786,274025.26392705855
124,1565.2448574817415,2674.499748588001,1738.7499921029994,2674.499748588001,1591.5407236729995,1935.4838709677422,567.9858258753179,-35076.69159876786,274025.26392705855
125,0.0,2862.577607745,528.790008424,2862.577607745,1148.443737821258,1935.4838709677417,895.1467956253041,-35076.69159876786,274025.26392705855
126,0.0,2983.021133393,2578.399999551999,2983.021133393,3321.4472569932573,1935.4838709677417,1073.4872022309657,-35076.69159876786,274025.26392705855
127,3136.9528589747406,2498.107652961,2220.2700002769993,2498.107652961,1051.1966340459996,1935.483870967742,657.8549097255725,-35076.69159876786,274025.26392705855
128,2409.4561225635453,2493.2367130979997,1154.7585669602306,2493.2367130979997,703.4308286779998,1950.0905629677761,674.288564498415,-35076.69159876786,274025.26392705855
129,1534.0107266607415,2613.0243893399597,1936.9881284729995,2613.0243893399597,1343.5793620149595,1935.483870967742,866.6899261023874,-35076.69159876786,274025.26392705855
130,1677.8568343933703,2673.235072118,2064.711787720371,2673.235072118,1539.1087029479995,1936.8049980017418,842.2690431432717,-35076.69159876786,274025.26392705855
131,1549.2808070577416,2664.1361618230003,1753.0700018399998,2664.1361618230003,1338.8530912819997,1935.4838709677417,726.7508199935695,-35076.69159876786,274025.26392705855
132,106.40698455974194,2481.0403479157,961.9699947219995,2481.0403479157,877.0534574406996,1935.483870967742,836.0494787109204,-35076.69159876786,274025.26392705855
133,0.0,2723.0791728239997,2484.5800039260002,2723.0791728239997,2971.105308664258,1935.483870967742,934.733416771449,-35076.69159876786,274025.26392705855
134,1533.080197574683,2614.079735353,1197.4945707880586,2614.079735353,551.4575983990001,1941.6568857577417,728.3751858900392,-35076.69159876786,274025.26392705855
135,2174.9928463057418,2826.763849294,2125.498513476,2826.763849294,1531.0913222249999,1935.483870967742,824.4843578644442,-35076.69159876786,274025.26392705855
136,2427.7138923777416,2891.2986315490007,1555.7819491239673,2891.2986315490007,1019.8384435989674,1941.8760224287419,761.5219335521448,-35076.69159876786,274025.26392705855
137,3273.8992781637417,2693.5013545099996,2583.5800042969995,2693.5013545099996,1759.1167602549995,2335.483870967742,789.9556431629295,-35076.69159876786,274025.26392705855
138,1727.049063234448,2740.5621463098,1688.3269825168934,2740.5621463098,1179.3342396983996,1940.563942964742,732.5496666058376,-35076.69159876786,274025.26392705855
139,679.2026190867417,2762.7351769484003,531.4457584616,2762.7351769484003,398.039668208,1935.483870967742,798.5173969257511,-35076.69159876786,274025.26392705855
140,0.0,2718.6733159220003,1745.3418773259996,2718.6733159220003,1859.6113155252583,1935.483870967742,1201.7978705299088,-35076.69159876786,274025.26392705855
141,1615.2555532317417,2632.5066512750004,2257.7469168569996,2632.5066512750004,1878.5252478090001,1935.483870967742,906.696197602459,-35076.69159876786,274025.26392705855
142,1221.3192539703398,2757.331773372,1442.7231269004012,2757.331773372,1268.6857681889992,1995.6783725877417,874.8960517355548,-35076.69159876786,274025.26392705855
143,2798.7080515117414,2554.0514330979995,2207.3321526769996,2554.0514330979995,1451.607759638,1935.483870967742,997.0111110999569,-35076.69159876786,274025.26392705855
144,2180.3792433017416,2664.001998451,2421.6873789539986,2664.001998451,1030.0347613119993,1935.483870967742,756.9800746550258,-35076.69159876786,274025.26392705855
145,1529.479237232955,2654.86865,1677.1660457487867,2654.86865,1369.5591589979995,1943.3747728187423,612.7867451714939,-35076.69159876786,274025.26392705855
146,442.73418403674196,2641.322855627,1367.5423333059996,2641.322855627,1234.4354878709996,1935.483870967742,733.5435687693148,-35076.69159876786,274025.26392705855
147,145.009972901,2757.9615670389994,1392.8954054544581,2757.9615670389994,1958.8987338584582,2046.198201742,865.3750983035196,-35076.69159876786,274025.26392705855
148,1401.4037316377419,2592.699708862,1742.0956445789993,2592.699708862,1051.5652062099996,1935.483870967742,1019.7293534518398,-35076.69159876786,274025.26392705855
149,1160.023652019742,2591.9183830979996,2588.2527915429996,2591.9183830979996,2080.21095201,1935.4838709677422,883.1472754721872,-35076.69159876786,274025.26392705855
150,2245.8946859751723,2636.576198451,1835.4626016165691,2636.576198451,1030.4740671170002,1942.169429143742,580.6417701927651,-35076.69159876786,274025.26392705855
151,518.7503183515039,2849.943711549,581.3226062522282,2849.943711549,375.531082775644,827.8355694090882,335.2460132060772,-35076.69159876786,274025.26392705855
152,0.0,2847.1232695890003,1027.8248904545042,2847.1232695890003,775.442027934504,1049.4261382350003,507.01266400218,-35076.69159876786,274025.26392705855
153,0.0,2245.252045637743,168.13028275799917,2891.8856005690004,110.42844176799916,1935.4838709677422,892.6404252175962,-35076.69159876786,274025.26392705855
154,411.6999986950001,2914.4973601369998,2384.1703379590003,2914.4973601369998,3082.003802398259,2335.483870967742,1358.588263957123,-35076.69159876786,274025.26392705855
155,1786.023034236742,2857.5719059219996,2981.8433929589996,2857.5719059219996,1967.9644645120004,1935.4838709677422,985.3212910269358,-35076.69159876786,274025.26392705855
156,2045.6147623547422,2719.135403098,1699.580363991999,2719.135403098,448.9066401140001,1935.483870967742,603.6909492411834,-35076.69159876786,274025.26392705855
157,1749.688891772189,2877.109269157,1605.3258395585528,2877.109269157,1219.6108147528978,1970.383177377844,716.1485884207121,-35076.69159876786,274025.26392705855
158,1500.7033301307417,2672.6433121180003,1130.0881434149996,2672.6433121180003,268.4609004379997,1935.483870967742,843.8900832770651,-35076.69159876786,274025.26392705855
159,1235.025886312833,2380.5121236669997,2670.620123681,2380.5121236669997,2063.2102099960002,1870.1979051668334,804.6630400453332,-35076.69159876786,274025.26392705855
160,83.11389202860823,2490.29917549,1612.140000334,2490.29917549,1943.8216964992585,1948.9413594213504,793.8523900292329,-35076.69159876786,274025.26392705855
161,0.0,2579.0209505690004,579.7930381569995,2579.0209505690004,928.9701160092577,1935.483870967742,892.0942758403677,-35076.69159876786,274025.26392705855
162,1861.201116407742,2603.770353804,2629.146962093999,2603.770353804,1559.5445610849995,1935.483870967742,891.8987111518585,-35076.69159876786,274025.26392705855
163,2020.9591805917419,2766.0407690199995,1119.303230904,2766.0407690199995,397.709303214,1935.483870967742,834.5123633009549,-35076.69159876786,274025.26392705855
164,584.482049171469,2748.2379567650005,2338.7839682842723,2748.2379567650005,2334.763608064999,1943.7503543357418,894.9052112871459,-35076.69159876786,274025.26392705855
165,1641.3292629977243,2786.514286333,2135.4463328440174,2786.514286333,1616.7269786709996,1938.572892785742,747.344112754554,-35076.69159876786,274025.26392705855
166,1552.7432380717419,2824.8187677450005,1746.3239322159998,2824.8187677450005,986.8920639449999,1935.483870967742,642.9952453942042,-35076.69159876786,274025.26392705855
167,10.948380915298738,2524.3235375587415,976.6673693549997,2540.534688451,890.2904148669998,1954.3188491730405,873.4635384253643,-35076.69159876786,274025.26392705855
168,0.0,2631.4788574709996,1485.8791525229994,2631.4788574709996,1896.1641396162577,1935.483870967742,1025.4147472232123,-35076.69159876786,274025.26392705855
169,2108.7984724757416,2877.29075,2653.7098619469994,2877.29075,2086.465209746,2335.483870967742,1076.869619821501,-35076.69159876786,274025.26392705855
170,1191.3941284027417,2680.7015498630003,1621.5041719779995,2680.7015498630003,1017.7359624859997,1935.483870967742,867.0939133370172,-35076.69159876786,274025.26392705855
171,1879.8903069747416,2756.5797954900004,2015.338289865,2756.5797954900004,1298.1645347140002,1935.4838709677417,805.0083865646956,-35076.69159876786,274025.26392705855
172,769.8515829907415,2902.2135485880003,2132.9058731279993,2902.2135485880003,1556.0371285099995,1935.4838709677417,733.640389654738,-35076.69159876786,274025.26392705855
173,1242.2579342777456,2889.6395476079997,1786.857007705996,2889.6395476079997,1431.099763876,1937.1847427757418,660.5364101799239,-35076.69159876786,274025.26392705855
174,404.20601973949573,2799.607277334,1230.0918842892459,2799.607277334,1180.7902353270001,1943.5449348467419,749.6870393885487,-35076.69159876786,274025.26392705855
175,247.5090996217417,2781.4250319810003,1357.7000043379992,2781.4250319810003,1616.6102622699996,1935.4838709677415,912.8606307625552,-35076.69159876786,274025.26392705855
176,1628.8538853071566,2951.5042216859997,1911.0059709078419,2951.5042216859997,1396.277676212257,1945.4163823687418,837.6305010285797,-35076.69159876786,274025.26392705855
177,937.200352577,2933.106056196,1833.6045745104636,2933.106056196,1383.2629862064637,1854.6579846020002,943.6444451481026,-35076.69159876786,274025.26392705855
178,1090.8139286547416,2850.9430559219995,1818.456538344,2850.9430559219995,1708.269643972,1935.4838709677417,855.1233521823574,-35076.69159876786,274025.26392705855
179,877.4141082747417,2982.892957039,2267.8199989349987,2982.892957039,1777.0031812429988,1935.4838709677417,731.0954928486216,-35076.69159876786,274025.26392705855
180,1013.2529928072586,3042.5624905689997,1231.5731171864832,3042.5624905689997,1053.885158442,1940.963437959742,766.8396724956401,-35076.69159876786,274025.26392705855
181,588.0362493521609,2989.817986902,1826.9382335175799,2989.817986902,2004.704133268999,1941.778331196742,797.5863924799237,-35076.69159876786,274025.26392705855
182,13.209997779,2992.543796196,2068.660000541,2992.543796196,2851.099939326258,1935.483870967742,764.1883940050757,-35076.69159876786,274025.26392705855
183,1583.8711042898713,2928.937083098,1574.263569575,2928.937083098,1019.6783660799999,2360.543395626871,950.0780457201745,-35076.69159876786,274025.26392705855
184,1218.0250531647418,2941.3712307060005,2054.6347735399995,2941.3712307060005,854.3571802829999,1935.483870967742,804.6341967026366,-35076.69159876786,274025.26392705855
185,1110.0751694557418,3015.1058445099993,1453.1410488869997,3015.1058445099993,581.7181793519999,1935.483870967742,783.5420711484309,-35076.69159876786,274025.26392705855
186,1833.6351840267419,2996.5750115489996,1994.1368047439996,2996.5750115489996,1366.4231097699994,1935.483870967742,902.2027979993919,-35076.69159876786,274025.26392705855
187,3367.7369913387415,2703.4369923919994,1175.869169096,2703.4369923919994,764.2592883259999,1935.483870967742,736.8522943085569,-35076.69159876786,274025.26392705855
188,1251.963259665,2865.242324647,1668.0020330081113,2865.242324647,1303.9925663621113,1891.015046863,1028.6027769887637,-35076.69159876786,274025.26392705855
189,862.7311794719999,2801.305891412,2370.2748797058093,2801.305891412,1690.03809862181,1882.6638401619998,921.6929265697435,-35076.69159876786,274025.26392705855
190,1134.874630235,2953.3648528239996,2027.018013445,2953.3648528239996,1377.197009195,2123.5404793189996,868.0055277869174,-35076.69159876786,274025.26392705855
191,1193.4712283267804,3024.7171529610005,1640.5288031540001,3024.7171529610005,584.396910905,1871.4402724997803,676.2924796782312,-35076.69159876786,274025.26392705855
192,11.740001922,2923.668741686,1289.4965090969492,2923.668741686,624.9921372339493,1099.40311138,476.0994444334676,-35076.69159876786,274025.26392705855
193,1259.0781253450612,2855.7864438946003,1408.4190928644,2855.7864438946003,987.427611453,1962.246037688061,683.1343589714487,-35076.69159876786,274025.26392705855
194,1254.224580671536,3002.4108547271003,1752.2687523092054,3002.4108547271003,1446.3407646210999,1938.333409065742,858.1393246711531,-35076.69159876786,274025.26392705855
195,579.2324497298127,2994.987502687,1571.6510994429286,2994.987502687,1456.8289596699997,1938.262083838742,757.248411035211,-35076.69159876786,274025.26392705855
196,1602.3153593037414,3035.3526608430006,951.8433627029995,3035.3526608430006,124.08752207499961,1935.4838709677417,950.2328274581633,-35076.69159876786,274025.26392705855
197,215.79260963692985,2934.964290137,1035.666428243075,2934.964290137,65.57754875507516,973.71577017293,1462.2616147393549,-35076.69159876786,274025.26392705855
198,205.2743459259999,2924.8477700000003,1448.2307577069996,2924.8477700000003,647.368642531,667.7342214120001,1251.0064667199474,-35076.69159876786,274025.26392705855
199,57.79000814399999,2918.5396561960006,972.668032218,2918.5396561960006,876.892757136,806.7249143380001,545.957319060245,-35076.69159876786,274025.26392705855
200,1609.0374684537978,2921.5754219809996,1532.0476886127565,2921.5754219809996,618.9533628760001,1698.6672056465545,522.1654897509915,-35076.69159876786,274025.26392705855
201,1415.7891082157416,2898.096983235,1815.0499995569999,2898.096983235,1152.5722208279997,1935.483870967742,661.4417918660571,-35076.69159876786,274025.26392705855
202,475.1932069261087,2860.076703667,928.0025519819992,2860.076703667,839.5441636949994,1980.038296477109,775.2126757272291,-35076.69159876786,274025.26392705855
203,0.0,2923.366273235001,1526.4147049247447,2923.366273235001,2229.3771108530027,1935.483870967742,1115.440642108069,-35076.69159876786,274025.26392705855
204,0.0,3042.220491981001,1109.3825710449998,3042.220491981001,0.0,988.8330449260004,1296.4245529468462,-35076.69159876786,274025.26392705855
205,23.930004878999995,3038.104825079001,1345.2058140309996,3038.104825079001,221.74989309500003,782.0107296670001,781.3042211752039,-35076.69159876786,274025.26392705855
206,336.8555768379529,3035.370929157001,1127.8238962589999,3035.370929157001,0.0,1351.290406971953,571.4592945970522,-35076.69159876786,274025.26392705855
207,742.6276244597417,3034.312887882,1834.014020216,3034.312887882,1009.890667832,1935.483870967742,766.9083987060875,-35076.69159876786,274025.26392705855
208,1186.584817361742,2871.1940646470002,1624.7609087559997,2871.1940646470002,1266.8159102859997,1935.4838709677422,716.010274052467,-35076.69159876786,274025.26392705855
209,537.2115008597416,2951.4880507059997,1568.0253266219997,2951.4880507059997,1454.1010087839995,1935.483870967742,760.2856649676937,-35076.69159876786,274025.26392705855
210,0.0,3026.5843702739994,931.5643378670001,3026.5843702739994,1316.5644219520723,1462.6142813169276,1041.1723062259332,-35076.69159876786,274025.26392705855
211,203.91796772156863,3001.265368451,1498.9019987529998,3001.265368451,545.3477908310001,1088.847525184569,1134.773442136048,-35076.69159876786,274025.26392705855
212,0.0,2903.619577745,1229.9873545609998,2903.619577745,861.063827741,1163.263103066,547.9518404696855,-35076.69159876786,274025.26392705855
213,0.0,3021.2489483140002,1836.4996501368387,3021.2489483140002,2654.254714234097,1935.4838709677415,690.7196633135101,-35076.69159876786,274025.26392705855
214,0.0,2994.9557576080006,1346.7599992399996,2994.9557576080006,2130.2318868582574,1935.4838709677417,713.8384142496111,-35076.69159876786,274025.26392705855
215,0.0,3043.592678725,2198.003517214999,3043.592678725,3020.7323338452575,1935.483870967742,694.0888343966943,-35076.69159876786,274025.26392705855
216,0.0,3095.812206491,1357.985855796,3095.812206491,2242.8841917272575,1935.483870967742,799.5307101761241,-35076.69159876786,274025.26392705855
217,0.0,2984.852113941,1411.3581534399998,2984.852113941,2172.686379731258,1935.4838709677422,850.316362111484,-35076.69159876786,274025.26392705855
218,1105.9163764287418,2994.494267882,2317.8216961499998,2994.494267882,907.7984670779999,1935.483870967742,815.9899316867868,-35076.69159876786,274025.26392705855
219,1694.889972160742,2870.1273392939997,1400.0780237659997,2870.1273392939997,571.461449582,1935.483870967742,707.5138426614973,-35076.69159876786,274025.26392705855
220,1386.9628817779999,2848.1959830980004,1530.6950431,2848.1959830980004,540.587675846,1647.506224506,893.5536287271813,-35076.69159876786,274025.26392705855
221,1546.5191037057418,2954.5567581769997,1648.6711131068619,2954.5567581769997,774.1530944768622,1935.483870967742,805.9874937616396,-35076.69159876786,274025.26392705855
222,2335.6123032157416,2798.978381549,2216.935775123,2798.978381549,1368.222582987,1935.483870967742,878.3499988468948,-35076.69159876786,274025.26392705855
223,2141.9269708747415,2862.8501291570005,1372.4761876199996,2862.8501291570005,1486.4194091619997,1935.483870967742,701.5183678157396,-35076.69159876786,274025.26392705855
224,0.0,2940.389855922,1357.7199974869993,2940.389855922,2078.7259865672577,1935.4838709677415,915.8240238091926,-35076.69159876786,274025.26392705855
225,1723.5454341759996,2888.3955349420003,2433.7881447489995,2888.3955349420003,697.1360571619996,1915.70305984,843.9609795131856,-35076.69159876786,274025.26392705855
226,1554.4287209049185,2949.634907608,1768.4563148146638,2949.634907608,494.4397649510001,1719.3201729885827,528.0956628409729,-35076.69159876786,274025.26392705855
227,1963.8238710967416,2745.158168588,1213.278519859,2745.158168588,1232.876674139,1935.4838709677417,701.6711837336987,-35076.69159876786,274025.26392705855
228,1596.5252657267415,2741.3812057640002,2198.871478315999,2741.3812057640002,1624.174060119999,1935.483870967742,786.3123261182612,-35076.69159876786,274025.26392705855
229,1505.2103032162508,2833.5505228240004,1501.7742586404904,2833.5505228240004,928.139999214,1945.155068153742,773.9889613454355,-35076.69159876786,274025.26392705855
230,1395.3311636267417,2815.3847477450004,1155.0901325269997,2815.3847477450004,1153.1521545879996,1935.483870967742,745.9658384457749,-35076.69159876786,274025.26392705855
231,371.584256967842,2858.7012207059997,2421.30999948,2858.7012207059997,3122.6373436062586,2241.7581225595836,1094.0426841966378,-35076.69159876786,274025.26392705855
232,1467.7391428217418,3024.823764784,2259.489999839999,3024.823764784,1418.7590339349995,1935.483870967742,733.1665251553751,-35076.69159876786,274025.26392705855
233,1718.6522020158393,2900.3604054900006,1936.730030599,2900.3604054900006,1568.095330332258,2397.2273000365813,897.0950883417253,-35076.69159876786,274025.26392705855
234,862.4664447517416,2927.5472260590004,1460.2387194589999,2927.5472260590004,1238.698515184,1935.4838709677417,722.3482412237258,-35076.69159876786,274025.26392705855
235,882.5057775707419,2985.3378612750003,2184.870003773999,2985.3378612750003,1462.189756364999,1935.4838709677422,795.3868230428366,-35076.69159876786,274025.26392705855
236,1000.0704937477417,2924.1607776080004,1823.4331497120002,2924.1607776080004,1186.900543069,1935.483870967742,697.7960300965105,-35076.69159876786,274025.26392705855
237,81.09984918168858,2835.07903549,564.8668460579988,2835.07903549,1164.6131471362576,1960.8025751014297,920.7371081823015,-35076.69159876786,274025.26392705855
238,43.350005655,2661.6526264699996,2763.6771956089997,2661.6526264699996,3156.0659320552586,1935.4838709677417,1077.3080530264128,-35076.69159876786,274025.26392705855
239,1066.607932551742,2815.7447153529997,1212.9878559422548,2815.7447153529997,1023.166616616255,1935.483870967742,759.5832259860416,-35076.69159876786,274025.26392705855
240,691.34907668,2819.4851404109995,1295.904029474,2819.4851404109995,605.339997452,1829.3682383120001,990.9748262738184,-35076.69159876786,274025.26392705855
241,0.0,2894.0570838040003,1353.9704456270774,2894.0570838040003,875.1537698010775,945.86375718,1147.597682868689,-35076.69159876786,274025.26392705855
242,787.0968875147419,2916.677228725,1956.4604546449993,2916.677228725,1258.4507005229996,1935.483870967742,804.3755087837731,-35076.69159876786,274025.26392705855
243,941.5730341897416,2803.633101412,2019.9903086289996,2803.633101412,1234.8725729169996,1935.483870967742,837.8003335928721,-35076.69159876786,274025.26392705855
244,628.6355901947419,2751.4507094309997,1677.9768373929996,2751.4507094309997,1733.8092532779997,1935.483870967742,719.2673950031361,-35076.69159876786,274025.26392705855
245,370.01048944,2805.096629157,1322.7987815708684,2805.096629157,1312.9265210338685,1900.67937089,692.3235165451775,-35076.69159876786,274025.26392705855
246,1118.3271192397417,2804.2332456270005,1746.9577403369997,2804.2332456270005,1134.6442152739999,1935.483870967742,831.0894818740376,-35076.69159876786,274025.26392705855
247,2137.6777263307413,2962.9575936670003,1347.632303982,2962.9575936670003,392.083736205,1935.483870967742,852.3309886597807,-35076.69159876786,274025.26392705855
248,921.0230733083515,2974.8883247840004,2319.712592329,2974.8883247840004,1436.988038325,1780.3159554683516,875.3408677025549,-35076.69159876786,274025.26392705855
249,1091.5805355617417,2760.9275540780004,1500.7046628219996,2760.9275540780004,630.5188870019996,1935.483870967742,739.2749317017114,-35076.69159876786,274025.26392705855
250,2365.672255334742,2723.4046994309997,2129.0709007939995,2723.4046994309997,1097.9539854629998,1935.4838709677417,741.9387177720686,-35076.69159876786,274025.26392705855
251,354.4808234027418,2855.0751930979995,588.0385565679994,2855.0751930979995,479.7406921349995,1935.4838709677417,845.8595189406069,-35076.69159876786,274025.26392705855
252,486.77610039,2673.4590783139997,2798.6109998469997,2673.4590783139997,3342.8422960932576,1935.483870967742,906.4616551274224,-35076.69159876786,274025.26392705855
253,1797.716761272742,2884.1492956269994,1427.3190027890003,2884.1492956269994,1195.3211783900001,1935.483870967742,769.4358535086279,-35076.69159876786,274025.26392705855
254,2203.0801517677414,2792.5813245100003,1150.6357279779993,2792.5813245100003,427.8733265079992,1935.483870967742,883.3238764528782,-35076.69159876786,274025.26392705855
255,1589.238939393742,2670.0861049210002,2482.330643178,2670.0861049210002,1800.571813812,1935.483870967742,919.4828837596519,-35076.69159876786,274025.26392705855
256,1953.9741975347417,2536.2492205690005,1759.9824858589996,2536.2492205690005,1106.9620236509995,1935.483870967742,778.4786988417776,-35076.69159876786,274025.26392705855
257,1591.7489196637418,2388.480519726,2105.2511450849993,2388.480519726,1728.5267037349993,1935.483870967742,721.8475378508039,-35076.69159876786,274025.26392705855
258,725.3922669117418,2536.061749294,1756.5899980229997,2536.061749294,1724.1501307189997,1935.483870967742,627.3789521301237,-35076.69159876786,274025.26392705855
259,1656.5800078690002,2531.5983943730002,3189.359999999999,2531.5983943730002,3565.224520311257,3535.4838709677415,897.7097279588246,-35076.69159876786,274025.26392705855
260,4202.731963691248,2327.4582626660003,1641.0699997509996,2327.4582626660003,1106.5799545599998,3754.6502602272476,995.8088124667855,-35076.69159876786,274025.26392705855
261,935.3606268450001,2466.0840334963,2455.750340296775,2466.0840334963,1595.1794126240748,1614.4355792260003,1282.2200814964078,-35076.69159876786,274025.26392705855
262,130.67846231968232,2690.038240706,997.2555192439999,2690.038240706,809.797601778,1254.2146067076824,1157.971034318856,-35076.69159876786,274025.26392705855
263,1009.349338725,2540.335837745,2307.996330631796,2540.335837745,1596.4939731867958,1803.7875330460001,843.5417873660955,-35076.69159876786,274025.26392705855
264,492.547007206742,2508.327191117,1861.2138735909996,2508.327191117,1838.4941818409995,1935.483870967742,672.6354066057173,-35076.69159876786,274025.26392705855
265,46.5277171727418,2634.031271412,967.7699999109993,2634.031271412,1434.9151109319994,1935.4838709677417,802.7304683468336,-35076.69159876786,274025.26392705855
266,168.07136275074203,2493.509233941,1697.950003327,2493.509233941,2156.606715232,1935.483870967742,972.5544438009537,-35076.69159876786,274025.26392705855
267,96.25872493774173,2650.3849299999997,2657.069999289999,2650.3849299999997,3196.1397681509993,1935.4838709677417,896.8007626451704,-35076.69159876786,274025.26392705855
268,228.80162878095965,2804.329377608,1631.2699960539999,2804.329377608,2591.5681601880938,1808.302844533866,495.04485212778644,-35076.69159876786,274025.26392705855
269,1663.6900016499999,2784.798602255,3189.3599999999997,2784.798602255,3842.9047280672576,3535.4838709677424,898.9723980875152,-35076.69159876786,274025.26392705855
270,2614.3417566629023,2572.4331277450005,2632.042561248,2572.4331277450005,2078.2897164559995,2930.287731898903,836.5598470943966,-35076.69159876786,274025.26392705855
271,1547.7227342901358,2280.048883941,1748.6900011709995,2280.048883941,1336.4951362019995,1949.6064715131358,599.6111392948277,-35076.69159876786,274025.26392705855
272,1011.8794577591972,2327.818828862,135.5999905009994,2327.818828862,54.11648122999943,1960.1817950581974,855.3349478950968,-35076.69159876786,274025.26392705855
273,246.95008460400004,2472.393643941,3377.9300069769997,2472.393643941,3896.529848852258,1935.483870967742,1108.8797745510367,-35076.69159876786,274025.26392705855
274,1418.2320532092292,2728.0588207059996,2145.873009518,2728.0588207059996,1609.115457962,2483.0384247112293,674.4433776908053,-35076.69159876786,274025.26392705855
275,1112.9707609507125,2742.830360569,1845.6701910939637,2742.830360569,586.6220629229638,1917.1092332967128,529.5843541917366,-35076.69159876786,274025.26392705855
276,2791.855037509202,2388.700931549,2096.9894776149995,2388.700931549,1869.4313314059993,3378.6441067232013,1022.6329021616913,-35076.69159876786,274025.26392705855
277,1355.2833191877419,2600.9127760590004,2696.8853710599997,2600.9127760590004,1749.0576001159993,1935.483870967742,857.0746673659851,-35076.69159876786,274025.26392705855
278,1195.4365368432475,2733.967437334,1769.4100024289996,2733.967437334,1226.5595354009997,1961.4344334652476,562.9797135567227,-35076.69159876786,274025.26392705855
279,1692.13804060256,2873.8222466279994,1362.8493993279992,2873.8222466279994,700.0632406589993,2107.42645228356,709.7796409049846,-35076.69159876786,274025.26392705855
280,1425.1896687597423,2461.5649753529997,3366.7800032769997,2461.5649753529997,3853.8207718669996,3135.483870967742,882.2846476814096,-35076.69159876786,274025.26392705855
281,3669.6540468391363,2488.951245216,3005.0508729429994,2488.951245216,1775.033475713,3331.1726781321363,801.9040466830328,-35076.69159876786,274025.26392705855
282,3555.8049286590863,2549.4000077450005,1647.5284730197138,2549.4000077450005,1419.913760999,3761.8096364258,1318.430539551294,-35076.69159876786,274025.26392705855
283,1915.2236402386268,2291.914631275,2763.6887632959997,2291.914631275,1185.236350734,1585.3106773506267,1304.309866991108,-35076.69159876786,274025.26392705855
284,2473.9392783500407,2093.225221412,2371.5571767110005,2093.225221412,814.5499981620001,2171.7516660780407,631.7441593903351,-35076.69159876786,274025.26392705855
285,1747.8316014445845,2254.2501246470006,2107.7746155249997,2254.2501246470006,1008.9564129299997,2336.519915225585,1179.0753566396997,-35076.69159876786,274025.26392705855
286,1528.4971194588086,2305.692816059,543.8999970509994,2305.692816059,693.8074024969994,1948.4425222248087,846.2319368156659,-35076.69159876786,274025.26392705855
287,275.7272289187419,2349.218919431,2837.860004314,2349.218919431,3238.8322696220002,1935.483870967742,922.1058587201372,-35076.69159876786,274025.26392705855
288,2709.774224406447,2468.1821460590004,2226.1063756925523,2468.1821460590004,640.291565253,2332.531180311,597.3676096344454,-35076.69159876786,274025.26392705855
289,2243.4282470382054,2287.397669726,1778.1683152729997,2287.397669726,670.9851619579999,2305.5090616262055,814.9295115932232,-35076.69159876786,274025.26392705855
290,2167.510346656742,1960.388877471,1854.315970036999,1960.388877471,985.5213160999994,1935.483870967742,618.8201458980321,-35076.69159876786,274025.26392705855
291,3086.4720427737416,1938.0469416859999,3007.2154362799993,1938.0469416859999,1900.1705363509996,3135.483870967742,834.1777908324742,-35076.69159876786,274025.26392705855
292,3189.574259421179,1766.0406377450001,2468.856390428,1766.0406377450001,891.8499983200002,2720.581296447179,723.798202525663,-35076.69159876786,274025.26392705855
293,2660.527487304205,1743.7807585880003,1364.6060056000529,1743.7807585880003,1069.050635633053,2127.4336219122047,756.5987204248642,-35076.69159876786,274025.26392705855
294,1104.8604240060004,1910.541182961,2968.2599985300003,1910.541182961,2945.4368608829996,2675.654732073,869.7375058489146,-35076.69159876786,274025.26392705855
295,3105.4867233884693,1730.5601932349998,2248.622230914,1730.5601932349998,1045.307836068,2930.2713014654696,843.7892072176975,-35076.69159876786,274025.26392705855
296,3180.853485302925,1812.4165343729999,3075.1836908749997,1812.4165343729999,1386.295435217,2971.298282603925,874.6181720885689,-35076.69159876786,274025.26392705855
297,2649.6446389087314,1770.7555515489996,2258.054764466,1770.7555515489996,1750.501500555,2515.663448781732,633.3695731914947,-35076.69159876786,274025.26392705855
298,2291.6375013847164,2009.3779805689999,2347.2642038720005,2009.3779805689999,1053.323983174,2589.445705788716,761.0101967999329,-35076.69159876786,274025.26392705855
299,2468.245479505629,2052.86096,1913.35596419,2052.86096,590.903470428,2637.108929444629,851.3602824235824,-35076.69159876786,274025.26392705855
300,1028.6412781037418,2185.6979030979996,2211.5800010619996,2185.6979030979996,1914.8052932239993,1935.4838709677422,809.5040965293078,-35076.69159876786,274025.26392705855
301,1223.0227090512428,2069.980671823,2557.7500013179992,2069.980671823,2722.454702141,2835.328678991243,824.1002345475322,-35076.69159876786,274025.26392705855
302,2164.264634402232,2139.889211275,1702.507387909768,2139.889211275,201.24000244300004,1887.271242556,891.1956008884322,-35076.69159876786,274025.26392705855
303,2316.3129498711232,1766.5497425289998,2058.889090256,1766.5497425289998,816.328054962,2301.6237069471226,1273.7847553929157,-35076.69159876786,274025.26392705855
304,2907.3351232901528,1939.6877578820001,2409.41785695,1939.6877578820001,624.0064739939999,2651.604258030153,1199.5797976462443,-35076.69159876786,274025.26392705855
305,2639.251991065742,1975.611123941,1393.2887317269992,1975.611123941,1205.5879524419995,1935.483870967742,698.5427541378727,-35076.69159876786,274025.26392705855
306,1747.335999853742,1934.2283536670002,2066.481268129999,1934.2283536670002,783.1217432979996,1935.483870967742,690.9100809371133,-35076.69159876786,274025.26392705855
307,2186.9738918527128,1606.272925216,281.00395452699996,1606.272925216,56.65765026599999,2111.0231101707127,928.6948565039611,-35076.69159876786,274025.26392705855
308,303.7129815043078,1482.0185983140002,1735.2357265300002,1482.0185983140002,824.483367046,297.83395066630777,1316.5586790014138,-35076.69159876786,274025.26392705855
309,2001.1192430029262,1902.678500274,2041.3938413992994,1902.678500274,555.2200023690001,2053.401582676226,1266.2890160015274,-35076.69159876786,274025.26392705855
310,993.366348164231,2316.707458314,1430.21834917,2316.707458314,365.83000084700006,1585.432157377231,419.2414058335155,-35076.69159876786,274025.26392705855
311,1675.0828857603672,1681.00089353,1580.632266119,1681.00089353,365.28999960500005,1931.1260431013673,1045.5666299751365,-35076.69159876786,274025.26392705855
312,1293.090009078,1834.3973036670002,1568.483127527,1834.3973036670002,0.0,1588.190435789,892.2996806377504,-35076.69159876786,274025.26392705855
313,1635.876337555083,2003.021950706,1860.897183461,2003.021950706,346.13999945,2034.4054777740832,494.636682059207,-35076.69159876786,274025.26392705855
314,1646.7289603243169,2093.9298835299996,1962.9849052999996,2093.9298835299996,1676.2986568969998,2216.345087102317,553.2729640541158,-35076.69159876786,274025.26392705855
315,375.4372193988879,2010.7546601369997,1805.0695011199996,2010.7546601369997,1939.2256381592579,1960.6357425396295,536.8687601364999,-35076.69159876786,274025.26392705855
316,3124.167279798266,2112.903936196,2116.153206004,2112.903936196,598.869998873,2966.304408981266,850.2797449449741,-35076.69159876786,274025.26392705855
317,2376.141540872533,1992.765874784,2419.397458469,1992.765874784,0.0,2061.4648676765332,1093.4189236534096,-35076.69159876786,274025.26392705855
318,2184.433867339742,1742.3226209800002,1914.0824984669994,1742.3226209800002,379.579997551,2194.6089874007416,1056.381844658619,-35076.69159876786,274025.26392705855
319,2062.059233630633,1794.2579463329998,2030.7130297923657,1794.2579463329998,23.406488797365796,2178.2937154696338,873.5902934222473,-35076.69159876786,274025.26392705855
320,2324.11244510639,1848.4764592939998,1425.412631599,1848.4764592939998,0.0,2314.7715254993905,1298.2316492755908,-35076.69159876786,274025.26392705855
321,2828.0557907540497,1792.654265922,686.0165583967074,1792.654265922,112.02938857670748,1793.2372186930497,1527.8147850957946,-35076.69159876786,274025.26392705855
322,68.660006184,1557.88546451,1626.7563208119998,1557.88546451,1259.7367946799998,560.835003956,1470.114537131707,-35076.69159876786,274025.26392705855
323,828.004626918,1982.221406333,1562.1700158480496,1982.221406333,353.1655388220499,1206.7304971190001,484.2856011450283,-35076.69159876786,274025.26392705855
324,2949.106940124719,1590.028275079,2821.735158393999,1590.028275079,2093.007657546,3127.9627074537193,867.4199462097046,-35076.69159876786,274025.26392705855
325,3737.617325818,1563.962684373,2049.8899980029996,1563.962684373,258.6100010880002,2800.0,904.8652885652491,-35076.69159876786,274025.26392705855
326,2938.481014063189,1636.782106059,2547.049998653,1636.782106059,527.4265502119998,2313.856552300189,1200.6986407079346,-35076.69159876786,274025.26392705855
327,2820.7330778310265,1934.5835285879998,2077.0499977289996,1934.5835285879998,862.6013708459998,2284.425228417027,611.4839129864691,-35076.69159876786,274025.26392705855
328,408.21868965457,1809.0291874710001,865.2899952980001,1809.0291874710001,772.610000957,1950.43786475557,879.1141061449065,-35076.69159876786,274025.26392705855
329,1033.667969920382,1679.14655098,911.060001503,1679.14655098,1450.2691086981367,1871.9654115142448,1608.436173574815,-35076.69159876786,274025.26392705855
330,227.78901451490145,1751.9111705690002,1857.7222212519996,1751.9111705690002,0.0,335.98239931490156,1241.2458033860687,-35076.69159876786,274025.26392705855
331,2482.0587626324664,1877.645196765,2052.082632011,1877.645196765,0.0,2144.856592527466,637.6816652009693,-35076.69159876786,274025.26392705855
332,2263.2544971760913,1730.606312392,1480.2253726949996,1730.606312392,0.0,1640.8661708180912,554.7469517980119,-35076.69159876786,274025.26392705855
333,2720.0251727019445,1689.4789918229997,2105.0494623329996,1689.4789918229997,658.95999456,2655.5936169759448,1055.3743311455753,-35076.69159876786,274025.26392705855
334,1750.7265051947422,1763.584953235,1083.0724197769996,1763.584953235,0.0,1935.483870967742,892.8949896389099,-35076.69159876786,274025.26392705855
335,296.081802271328,1835.690131412,953.6950610550001,1835.690131412,1309.155450599,970.7415353353281,1377.2132248276437,-35076.69159876786,274025.26392705855
336,61.170001496999994,1689.463718725,231.16850545830536,1689.463718725,490.9163140883053,1120.095898955,1359.385984189935,-35076.69159876786,274025.26392705855
337,58.92000760799999,1950.64909451,2049.684188743493,1950.64909451,893.1512119674929,437.77207185400005,1253.4571190885351,-35076.69159876786,274025.26392705855
338,2051.2038731567422,1757.6940069019997,1756.93679564,1757.6940069019997,447.34000398200004,2310.8146721527423,1202.6602027115782,-35076.69159876786,274025.26392705855
339,315.24171763383316,1895.757663941,806.9738279040824,1895.757663941,0.0,531.3432078429157,323.9257574881476,-35076.69159876786,274025.26392705855
340,2186.7097295155604,1917.5943869020002,2152.1316065429996,1917.5943869020002,1079.0749867999998,2385.6907289025607,980.2954142864455,-35076.69159876786,274025.26392705855
341,2558.0509633115107,1359.620708451,2150.3707748479997,1359.620708451,1011.7936388229997,2383.738803733511,563.3834576124141,-35076.69159876786,274025.26392705855
342,1778.7541898027418,1664.7586383139999,1730.8500008939995,1664.7586383139999,1665.2189620579998,1935.483870967742,612.4397437523966,-35076.69159876786,274025.26392705855
343,2306.073695317742,1775.3982928240002,1983.3599469705468,1775.3982928240002,2129.751673227547,3595.100261799742,1255.7806888746147,-35076.69159876786,274025.26392705855
344,631.093857961767,1795.1267200000002,2037.4354809249216,1795.1267200000002,1142.7399993450001,845.2560499056892,1305.5733807164393,-35076.69159876786,274025.26392705855
345,2046.093877078742,1947.306968314,2088.8087563634554,1947.306968314,564.6638027334553,2315.495794660742,1113.3524591116231,-35076.69159876786,274025.26392705855
346,2048.593878439742,1664.121357176,1875.4708625637272,1664.121357176,233.1605855827276,2079.005501123742,988.6913311080488,-35076.69159876786,274025.26392705855
347,2214.0538937677425,1600.042673941,1983.7394188393073,1600.042673941,291.3621288803074,2199.0238541617423,1057.6073629864648,-35076.69159876786,274025.26392705855
348,3443.591842134895,1713.7492384509999,1389.324808024,1713.7492384509999,858.670002453,1558.3358913778964,435.6694895879796,-35076.69159876786,274025.26392705855
349,281.2644497228888,1912.402112255,504.369999283,1912.402112255,386.389998166,1950.526547618889,880.64266841805,-35076.69159876786,274025.26392705855
350,628.2686263050545,1743.9427750790003,2147.440980166,1743.9427750790003,1534.156580271876,970.8358067331784,1354.1089266666418,-35076.69159876786,274025.26392705855
351,1710.169998829,1891.770770843,1913.1531638644556,1891.770770843,1185.1966782894558,2120.77725736,893.2206909792325,-35076.69159876786,274025.26392705855
352,1747.8745520417642,1659.520243941,1727.6716528749998,1659.520243941,140.93999918500003,1915.1664481487637,713.004021504964,-35076.69159876786,274025.26392705855
353,2927.067133033742,1630.9977721179998,1409.004842835,1630.9977721179998,0.0,2510.119734194742,1200.9231473110924,-35076.69159876786,274025.26392705855
354,2135.0759103453925,1752.5840876079997,2845.230000812999,1752.5840876079997,1997.5816533829995,2223.0083480333924,1220.0848534684774,-35076.69159876786,274025.26392705855
355,2393.5495760816557,1655.024545353,1976.7400015139995,1655.024545353,1553.5536035109997,2174.060527861656,611.6034375613831,-35076.69159876786,274025.26392705855
356,492.9123728707639,1650.037410569,1698.5097691209278,1650.037410569,1594.489765626928,1882.839783971764,561.1002041741526,-35076.69159876786,274025.26392705855
357,1705.52808765353,1909.4984153530002,2945.499996341999,1909.4984153530002,2911.340467397999,3280.75601220153,935.9236078088628,-35076.69159876786,274025.26392705855
358,2055.4403270528364,1973.478572824,1926.2420463545616,1973.478572824,1348.2698558505615,2666.6310769748366,912.3516791790122,-35076.69159876786,274025.26392705855
359,43.020003015,1876.08493902,172.55000060099997,1876.08493902,259.219277937,1481.9356510769999,1176.7197255072094,-35076.69159876786,274025.26392705855
360,41.010000272999996,2008.154628862,2221.186988575366,2008.154628862,1574.0520891033657,689.45952446,1404.2257846472583,-35076.69159876786,274025.26392705855
361,1927.1589226157046,1959.8192771760002,1765.2472276659996,1959.8192771760002,677.7950659629995,2360.5603537457046,753.3533078994955,-35076.69159876786,274025.26392705855
362,1375.0998729777416,1906.554887882,1682.4887161729998,1906.554887882,1190.0795964140002,1935.483870967742,855.5943474753394,-35076.69159876786,274025.26392705855
363,0.0,1781.9732363329997,1187.3230797286556,1781.9732363329997,1053.2885681150758,1538.5877407515795,975.32859763426,-35076.69159876786,274025.26392705855
364,67.24000166399999,1872.1911815489998,2069.459997365,1872.1911815489998,2047.572690141,1622.118482741,877.274363183245,-35076.69159876786,274025.26392705855
365,40.839999254999995,1436.1302442150002,1175.073024038297,1436.1302442150002,1099.8128187562972,1213.150445094,405.9417499987126,-35076.69159876786,274025.26392705855
